sample_id	Tumor_type	tai	cna	base_segments	break_points	fga	Sample Type	HRD34
TCGA-Z4-A8JB-01A-23D-A37B-01	Desmoid Tumor	0.402010680492321	5	36059246	16	0.0125501889671104	Primary Tumor	Low
TCGA-Z4-A8JB-10A-01D-A37E-01	Desmoid Tumor	1.20626057034621	20	76024	48	2.2166895428575e-05	Blood Derived Normal	None
TCGA-QQ-A8VD-10A-01D-A38Y-01	Desmoid Tumor	0.320799148803704	38	1027965	94	0.0003400183883464	Blood Derived Normal	None
TCGA-QQ-A8VD-01A-42D-A38Y-01	Desmoid Tumor	0.391382595837529	15	595800	44	0.0002073643632649	Primary Tumor	Low
